family,Descriptor,strangeness,mass(GeV),m1,m2,spin,isospin,BR_to_Lambda,BR_to_D+/D0,BR_to_Ds+,BR_to_Cascade,BR_to_Omega_c,Decay_Lambda,Decay_D
lambda,PDG,0,2.28646,0.3,0.3,0.5,0,1,0,0,0,0,0,0
lambda,PDG,0,2.59225,0.3,0.3,0.5,0,1,0,0,0,0,0.13,0
lambda,PDG,0,2.62811,0.3,0.3,1.5,0,1,0,0,0,0,0.13,0
lambda,PDG,0,2.769,0.3,0.3,0.5,0,1,0,0,0,0,0.13,0
lambda,PDG,0,2.86,0.3,0.3,1.5,0,1,0,0,0,0,0.13,0
lambda,PDG,0,2.88,0.3,0.3,2.5,0,1,0,0,0,0,0.5,0
lambda,PDG,0,2.94,0.3,0.3,0.5,0,1,0,0,0,0,0.5,0
lambda,RQM,0,3.17,0.3,0.3,43.5,0,1,0,0,0,0,0.5,0
sigma,PDG,0,2.453,0.3,0.3,0.5,1,1,0,0,0,0,0.13,0
sigma,PDG,0,2.518,0.3,0.3,1.5,1,1,0,0,0,0,0.13,0
sigma,PDG,0,2.798,0.3,0.3,1.5,1,1,0,0,0,0,0.13,1
sigma,RQM,0,3.1,0.3,0.3,88.5,1,1,0,0,0,0,0.5,0
cascade,PDG,1,2.468,0.3,0.45,0.5,0.5,0,0,0,1,0,0,0
cascade,PDG,1,2.792,0.3,0.45,0.5,0.5,0.5,0,0,0.5,0,0,0
cascade,PDG,1,2.817,0.3,0.45,1.5,0.5,0,0,0,1,0,0,0
cascade,PDG,1,3.056,0.3,0.45,1.5,0.5,1,0,0,0,0,0.5,1
cascade,PDG,1,3.077,0.3,0.45,2.5,0.5,1,0,0,0,0,0.5,0
cascade,PDG,1,2.578,0.3,0.45,0.5,0.5,0,0,0,1,0,0.13,0
cascade,PDG,1,2.645,0.3,0.45,1.5,0.5,0,0,0,1,0,0.13,0
cascade,PDG,1,2.936,0.3,0.45,0.5,0.5,1,0,0,0,0,0.5,0
cascade,PDG,1,2.969,0.3,0.45,0.5,0.5,1,0,0,0,0,0.5,1
cascade,PDG,1,3.147,0.3,0.45,3.5,0.5,1,0,0,0,0,0.5,1
cascade,RQM,1,3.24,0.3,0.45,135.5,0.5,0.5,0,0,0.5,0,0.5,0
omega,PDG,2,2.6952,0.45,0.45,0.5,0,0,0,0,0,1,0,0
omega,PDG,2,2.7659,0.45,0.45,1.5,0,0,0,0,0,1,0,0
omega,PDG,2,2.966,0.45,0.45,0.5,0,0,0,0,1,0,0,0
omega,PDG,2,3.051,0.45,0.45,2.5,0,0,0,0,1,0,0,0
omega,PDG,2,3.088,0.45,0.45,0.5,0,0,0,0,1,0,0,0
omega,PDG,2,3.123,0.45,0.45,1.5,0,0,0,0,1,0,0,1
omega,RQM,2,3.26,0.45,0.45,65.5,0,0,0,0,1,0,0.5,1
