strangeness,mass(GeV),lightmass,spin,isospin,directBR_to_D0,directBR_to_D+,directBR_to_D*0,directBR_to_D*+,directBR_to_Ds+,decay_D0,decay_Ds,decay_Dstar
0,1.8644,0.3,0,0,1,0,0,0,0,0,0,0
0,1.86959,0.3,0,0,0,1,0,0,0,0,0,0
0,2.007,0.3,1,0,0,0,1,0,0,0,0,0
0,2.01,0.3,1,0,0,0,0,1,0,0,0,0
0,2.318,0.3,0,0.5,0.5,0.5,0,0,0,0.13,0,0.13
0,2.42,0.3,1,0.5,0,0,0.5,0.5,0,0.13,0,0.13
0,2.427,0.3,1,0.5,0,0,0.5,0.5,0,0.13,0,0.13
0,2.46,0.3,2,0.5,0.37,0.37,0.13,0.13,0,0.13,0,0.13
0,2.581,0.3,0,0.5,0,0,0.5,0.5,0,0.13,0,0.13
0,2.632,0.3,1,0.5,0.18,0.18,0.32,0.32,0,0.13,0,0.13
0,2.75,0.3,3,0.5,0.15,0.15,0.3,0.3,0.1,0.13,0.5,0.13
0,2.85,0.3,2,0.5,0.15,0.15,0.3,0.3,0.1,0.13,0.5,0.13
0,2.806,0.3,2,0.5,0.15,0.15,0.3,0.3,0.1,0.13,0.5,0.13
0,2.863,0.3,3,0.5,0.15,0.15,0.3,0.3,0.1,0.13,0.5,0.13
1,1.96828,0.45,0,0,0,0,0,0,1,0,0,0
1,2.1121,0.45,1,0,0,0,0,0,1,0,0.13,0
1,2.3177,0.45,0,0,0,0,0,0,1,0,0.13,0
1,2.4595,0.45,1,0,0,0,0,0,1,0,0.13,0
1,2.5351,0.45,1,0,0.17,0.17,0.33,0.33,0,0.5,0.13,0.5
1,2.5691,0.45,2,0,0.17,0.17,0.33,0.33,0,0.5,0.13,0.5
1,2.7083,0.45,1,0,0.17,0.17,0.33,0.33,0,0.5,0.13,0.5
1,2.688,0.45,0,0,0.17,0.17,0.33,0.33,0,0.5,0.13,0.5
1,2.913,0.45,1,0,0.17,0.17,0.33,0.33,0,0.5,0.13,0.5
1,2.961,0.45,2,0,0.17,0.17,0.33,0.33,0,0.5,0.13,0.5
1,2.931,0.45,2,0,0.17,0.17,0.33,0.33,0,0.5,0.13,0.5
1,2.971,0.45,3,0,0.17,0.17,0.33,0.33,0,0.5,0.13,0.5

